Timestamp,Latitude,Longitude,Altitude,Accuracy,Speed,Accelerometer X, Accelerometer Y, Accelerometer Z
1573904225998.2468,40.986529304684126,28.770599663284393,7.897060394287109,10,5.679999828338623,,,
1573904227998.2117,40.986513337158584,28.770515173700424,6.764308929443359,10,3.8499999046325684,-0.2865142822265625,-0.34136962890625,-0.7494354248046875
1573904229998.176,40.98650839183571,28.770404700216623,6.826747894287109,10,4.650000095367432,-0.4680023193359375,-0.4150238037109375,-0.7429046630859375
1573904231998.1423,40.986473481209,28.770270003032657,6.748683929443359,10,5.860000133514404,-0.3437347412109375,-0.31280517578125,-0.938690185546875
1573904233998.106,40.98643404435458,28.770134048563214,6.534267425537109,10,5.980000019073486,-0.150390625,-0.213897705078125,-0.981964111328125
1573904235998.0713,40.986338490658426,28.76999742354152,6.556850433349609,10,6.679999828338623,-0.3136138916015625,-0.30267333984375,-0.9084014892578125
1573904237998.036,40.986362462901496,28.76985191370246,5.937404632568359,10,4.690000057220459,-0.1888885498046875,-0.272003173828125,-0.884979248046875
1573904239997.9998,40.98634226251485,28.769820230108472,6.248622894287109,10,1.6799999475479126,-0.0959014892578125,-0.2464599609375,-0.9544525146484375
1573904241997.9636,40.98634473517629,28.769823834326836,6.300380706787109,10,0,-0.1847991943359375,-0.11907958984375,-1.0071258544921875
1573904243997.9268,40.98634473517629,28.769823834326836,6.258937835693359,10,0,-0.2964324951171875,-0.28948974609375,-0.8721771240234375
1573904245997.8914,40.98631162665876,28.76979818570313,6.346401214599609,10,0.2199999988079071,-0.3478851318359375,-0.3797760009765625,-0.8408660888671875
1573904247997.8557,40.98633538935425,28.769797263693782,5.430873870849609,10,0.25999999046325684,-0.3047332763671875,-0.2956390380859375,-0.9143829345703125
1573904249997.8193,40.986332120412015,28.769796844598623,5.207118988037109,10,0,-0.214447021484375,-0.22576904296875,-0.95159912109375
1573904251997.7822,40.986332120412015,28.769796844598623,5.255397796630859,10,0,-0.266387939453125,-0.249481201171875,-0.977020263671875
1573904253997.7458,40.98633015066477,28.769791480180594,5.395107269287109,10,0.33000001311302185,-0.2621002197265625,-0.2740325927734375,-0.9086456298828125
1573904255997.7092,40.98632419951352,28.769785612848374,4.972499847412109,10,0.47999998927116394,-0.264312744140625,-0.2260589599609375,-0.93017578125
1573904257997.673,40.986330192574286,28.769754432168575,5.136440277099609,10,2.0299999713897705,-0.361297607421875,-0.22625732421875,-0.938079833984375
1573904259997.6355,40.98630689088347,28.769617388051717,5.901760101318359,10,5.190000057220459,-0.44287109375,-0.319000244140625,-0.8056640625
1573904261997.5999,40.986301358827376,28.76947883519229,5.431606292724609,10,6.159999847412109,-0.378509521484375,-0.2560882568359375,-0.848541259765625
1573904263997.563,40.98624964248481,28.769301725578277,5.206935882568359,10,7.869999885559082,-0.3460845947265625,-0.2570037841796875,-0.8639678955078125
1573904265997.5256,40.98621339075359,28.76904632898864,4.830959320068359,10,9.779999732971191,-0.313720703125,-0.230438232421875,-0.9215087890625
1573904267997.489,40.98616485953423,28.768805265453427,4.897182464599609,10,10.739999771118164,-0.30133056640625,-0.276519775390625,-0.952239990234375
1573904269997.4531,40.986138582267785,28.76852782445845,5.188930511474609,10,11.180000305175781,-0.3877716064453125,-0.21893310546875,-0.946533203125
1573904271997.4158,40.98607580181303,28.76825373622474,4.626613616943359,10,12.890000343322754,-0.3506317138671875,-0.2020263671875,-0.965484619140625
1573904273997.3794,40.986003298350596,28.767948551130264,3.6915550231933594,10,13.829999923706055,-0.3240509033203125,-0.21710205078125,-0.976470947265625
1573904275997.342,40.98588276658299,28.76763766634163,3.4057273864746094,10,14.6899995803833,-0.3279266357421875,-0.3144989013671875,-0.909759521484375
1573904277997.3064,40.98574832085612,28.76729258338806,3.1291160583496094,10,15.4399995803833,-0.375579833984375,-0.154815673828125,-0.93450927734375
1573904279997.2686,40.985608929806375,28.76695060173866,3.0290794372558594,10,16.020000457763672,-0.42974853515625,-0.257049560546875,-0.8514404296875
1573904281997.2314,40.98545348741206,28.76659437085387,3.7682762145996094,10,16.610000610351562,-0.32940673828125,-0.221221923828125,-0.8207244873046875
1573904283997.1948,40.985325034745955,28.766234032836525,3.4623680114746094,10,16.690000534057617,-0.349639892578125,-0.2840728759765625,-0.964324951171875
1573904285997.1584,40.98517298702242,28.765871683162416,4.071071624755859,10,17.100000381469727,-0.5107269287109375,-0.344757080078125,-0.7769927978515625
1573904287997.121,40.98504118159505,28.765473291304673,4.106349945068359,10,18.010000228881836,-0.2162322998046875,-0.1584014892578125,-0.91644287109375
1573904289997.0835,40.98486595790925,28.765056962174143,3.9420433044433594,10,18.540000915527344,-0.254302978515625,-0.2405548095703125,-0.902008056640625
1573904291997.0474,40.98471701148989,28.764645578366483,3.9808006286621094,10,19.329999923706055,-0.26116943359375,-0.236846923828125,-0.955047607421875
1573904293997.0098,40.98458637952896,28.76421784984764,4.283046722412109,10,19.610000610351562,-0.278167724609375,-0.1399993896484375,-1.0062255859375
1573904295996.9736,40.984455244653844,28.763787020024623,3.8063621520996094,10,19.479999542236328,-0.176727294921875,-0.25341796875,-0.9307098388671875
1573904297996.9377,40.98431417722347,28.76335258598324,3.7593650817871094,10,19.68000030517578,-0.173095703125,-0.346649169921875,-0.8915863037109375
1573904299996.9006,40.984177426473224,28.762935837757553,2.8891868591308594,10,19.690000534057617,-0.22601318359375,-0.2179412841796875,-0.911834716796875
1573904301996.864,40.984019385688924,28.762508863609995,2.8926048278808594,10,19.5,-0.2058563232421875,-0.148834228515625,-0.9742584228515625
1573904303996.8262,40.98388317976239,28.762083398205007,3.1136131286621094,10,19.600000381469727,-0.216522216796875,-0.18121337890625,-1.0535736083984375
1573904305996.79,40.983733059876585,28.76165902244743,3.4913597106933594,10,19.829999923706055,-0.2053680419921875,-0.2386474609375,-0.97479248046875
1573904307996.7527,40.983581808433854,28.761240514022074,3.8892478942871094,10,19.68000030517578,-0.190277099609375,-0.210113525390625,-0.9960479736328125
1573904309996.7156,40.98344455476942,28.76082845966216,2.7109642028808594,10,19.600000381469727,-0.214385986328125,-0.2020263671875,-0.9369354248046875
1573904311996.6797,40.9833083907524,28.76041506419774,2.4652976989746094,10,19.6200008392334,-0.209930419921875,-0.17913818359375,-0.9199066162109375
1573904313996.6418,40.983175495677614,28.7599923648208,1.5819969177246094,10,19.549999237060547,-0.2269134521484375,-0.162933349609375,-0.9071044921875
1573904315996.605,40.98302680071535,28.759572934386096,2.1084251403808594,10,19.450000762939453,-0.24072265625,-0.1725921630859375,-0.9611663818359375
1573904317996.568,40.98287257369699,28.759141434010825,2.3694725036621094,10,19.579999923706055,-0.2437591552734375,-0.17889404296875,-1.0355987548828125
1573904319996.5308,40.98272207662554,28.75872443432804,2.4418601989746094,10,19.469999313354492,-0.3528289794921875,-0.1953125,-0.9522857666015625
1573904321996.494,40.98257497422488,28.75829838218983,2.2798118591308594,10,19.59000015258789,-0.2552337646484375,-0.287994384765625,-0.82391357421875
1573904323996.4578,40.98242917101921,28.757862439405876,1.8620872497558594,10,19.579999923706055,-0.563720703125,-0.3548431396484375,-0.73480224609375
1573904325996.421,40.98227305807264,28.75745172615047,2.4626121520996094,10,19.600000381469727,-0.3613433837890625,-0.261932373046875,-0.967529296875
1573904327996.3845,40.98212771587165,28.7570167891949,2.8009910583496094,10,19.649999618530273,-0.5650787353515625,-0.4174346923828125,-0.733428955078125
1573904329996.347,40.981972147748785,28.756589144495088,3.5736961364746094,10,19.68000030517578,-0.6256866455078125,-0.460235595703125,-0.646514892578125
1573904331996.3103,40.981825632081346,28.756172312450367,3.1809959411621094,10,19.610000610351562,-0.117034912109375,-0.0406036376953125,-0.958099365234375
1573904333996.2727,40.981675512195544,28.755748942521173,3.1750144958496094,10,19.489999771118164,-0.1952972412109375,-0.268524169921875,-0.87237548828125
1573904335996.2368,40.9815437905872,28.755304031100827,3.7443504333496094,10,19.700000762939453,-0.308349609375,-0.232086181640625,-1.02569580078125
1573904337996.1997,40.98140796184631,28.754878817152935,3.4146995544433594,10,19.649999618530273,-0.29461669921875,-0.142333984375,-0.9942169189453125
1573904339996.1624,40.98125142980458,28.75447154047783,3.5979881286621094,10,19.329999923706055,-0.280517578125,-0.260467529296875,-0.902984619140625
1573904341996.1262,40.98109745424332,28.754043811958983,3.5313987731933594,10,19.649999618530273,-0.261993408203125,-0.1425933837890625,-0.8641204833984375
1573904343996.0886,40.98094033546837,28.75362245368655,3.6692161560058594,10,19.770000457763672,-0.2165069580078125,-0.18572998046875,-0.934295654296875
1573904345996.0518,40.98079398743899,28.753190701854184,3.4037742614746094,10,19.5,-0.2483978271484375,-0.1067047119140625,-0.865020751953125
1573904347996.0146,40.98065937407406,28.752762638059213,2.8830223083496094,10,19.59000015258789,-0.30950927734375,-0.070404052734375,-0.9531402587890625
1573904349995.9778,40.98051445096822,28.752345889833524,2.4021263122558594,10,19.610000610351562,-0.21588134765625,-0.20050048828125,-0.9909210205078125
1573904351995.9412,40.980380969160215,28.751913383629873,2.0985374450683594,10,19.540000915527344,-0.2937164306640625,-0.162750244140625,-0.9462738037109375
1573904353995.904,40.98022083290012,28.7514958810329,1.8921165466308594,10,19.6299991607666,-0.2591094970703125,-0.112823486328125,-1.00689697265625
1573904355995.867,40.980055793226676,28.751078546073987,2.3398704528808594,10,19.59000015258789,-0.282684326171875,-0.0543060302734375,-0.9269256591796875
1573904357995.8306,40.9799033683175,28.750654337954476,2.7666893005371094,10,19.40999984741211,-0.2205352783203125,-0.078765869140625,-0.9726715087890625
1573904359995.7935,40.979757146016674,28.75023163857753,2.4053001403808594,10,19.540000915527344,-0.251190185546875,-0.2491912841796875,-0.967010498046875
1573904361995.7566,40.97960170362236,28.749797875088404,2.8550071716308594,10,19.420000076293945,-0.2557525634765625,-0.1162567138671875,-0.9772186279296875
1573904363995.7195,40.979441776909844,28.749387413290094,2.8725242614746094,10,19.5,-0.2177886962890625,-0.1515960693359375,-1.051300048828125
1573904365995.6833,40.979275731408016,28.74898851851816,3.1588401794433594,10,19.489999771118164,-0.2261505126953125,-0.1757354736328125,-0.872283935546875
1573904367995.647,40.979138854929225,28.748572943758916,3.6084861755371094,10,19.219999313354492,-0.2456817626953125,-0.115997314453125,-1.114898681640625
1573904369995.6094,40.97897578500302,28.74815837482805,5.086513519287109,10,19.440000534057617,-0.2668609619140625,-0.0696868896484375,-1.01812744140625
1573904371995.5715,40.978838573248105,28.747729975756954,6.341701507568359,10,19.020000457763672,-0.2364654541015625,-0.1374664306640625,-0.9284820556640625
1573904373995.5352,40.97871033012958,28.747345833134602,7.493556976318359,10,18.450000762939453,-0.2326202392578125,-0.1631011962890625,-1.0202178955078125
1573904375995.4983,40.97857324410321,28.74696898276801,7.925502777099609,10,17.479999542236328,-0.223724365234375,-0.1262969970703125,-0.9750213623046875
1573904377995.461,40.97844043284746,28.746607722741313,9.26961898803711,10,16.479999542236328,-0.194580078125,-0.149444580078125,-0.9111328125
1573904379995.4253,40.97833465322943,28.746269680586405,10.39620590209961,10,15.239999771118164,-0.2268218994140625,-0.2049560546875,-0.9152069091796875
1573904381995.3875,40.978250247464494,28.74598746190662,11.35274887084961,10,13.199999809265137,-0.1842803955078125,-0.1049346923828125,-1.0226898193359375
1573904383995.3513,40.978169697375016,28.74571831899578,13.03097152709961,10,11.050000190734863,-0.233428955078125,-0.2494964599609375,-1.0701141357421875
1573904385995.3142,40.97810561772527,28.74550424518878,13.58175277709961,10,9.109999656677246,-0.29840087890625,-0.23101806640625,-0.9782867431640625
1573904387995.277,40.97805289555432,28.745354879674263,14.34829330444336,10,6.210000038146973,-0.2106781005859375,-0.2194061279296875,-0.9687347412109375
1573904389995.2407,40.97800482533963,28.7452492676943,15.63705062866211,10,5.170000076293945,-0.19622802734375,-0.2210235595703125,-0.9912567138671875
1573904391995.2026,40.977976368778364,28.745155222740717,16.00692367553711,10,5.070000171661377,-0.21466064453125,-0.2624359130859375,-0.9738616943359375
1573904393995.1667,40.97789887808354,28.745011054006167,16.98940658569336,10,5.929999828338623,-0.21478271484375,-0.2163543701171875,-0.9291534423828125
1573904395995.1296,40.97784871239306,28.744903346550412,17.69558334350586,10,4.869999885559082,-0.2179718017578125,-0.956573486328125,-0.341094970703125
1573904397995.0928,40.977832283862845,28.744841571924038,18.11989974975586,10,3.8499999046325684,-0.2994384765625,-0.1151885986328125,-0.9470367431640625
1573904399995.0554,40.97779209263714,28.744765548062272,19.28347396850586,10,3.299999952316284,-0.1126861572265625,-0.1739959716796875,-0.892425537109375
1573904401995.0193,40.97777713093998,28.744700085398502,20.03481674194336,10,2.690000057220459,0.0174407958984375,-0.06744384765625,-1.0027618408203125
1573904403994.9822,40.977807389610426,28.74472288417513,20.33395004272461,10,0,-0.0106658935546875,-0.1416778564453125,-0.991790771484375
1573904405994.945,40.97779355947019,28.744706036549754,20.38821029663086,10,0,-0.1923980712890625,-0.2426910400390625,-0.912841796875
1573904407994.908,40.97778316591026,28.744706707102008,20.86104965209961,10,0.18000000715255737,-0.3173370361328125,-0.3345947265625,-0.876495361328125
1573904409994.8706,40.97778316591026,28.744706707102008,21.35732650756836,10,0,-0.553131103515625,-0.4104461669921875,-0.7222137451171875
1573904411994.834,40.97778316591026,28.744706707102008,21.89333724975586,10,0,-0.5675811767578125,-0.39080810546875,-0.4784088134765625
1573904413994.7966,40.97778207626285,28.74471559191937,22.03615951538086,10,0.18000000715255737,-0.3495330810546875,-0.232208251953125,-0.920501708984375
1573904415994.761,40.977784926109926,28.744695223894663,22.15835189819336,10,1.5299999713897705,-0.496795654296875,-0.2741546630859375,-0.83660888671875
1573904417994.724,40.977764809542315,28.744632443439908,22.02431869506836,10,3.440000057220459,-0.6587982177734375,-0.4083404541015625,-0.5509796142578125
1573904419994.6865,40.97771514676602,28.744499254998512,22.27694320678711,10,5.03000020980835,-0.4055938720703125,-0.193878173828125,-0.861419677734375
1573904421994.6504,40.97767927222045,28.744362043243594,22.67928695678711,10,6.179999828338623,-0.255035400390625,-0.1514129638671875,-1.033782958984375
1573904423994.613,40.97763082482012,28.744190549504705,23.16952133178711,10,7.340000152587891,-0.3203887939453125,-0.2843780517578125,-0.8897552490234375
1573904425994.5764,40.97759365107955,28.743997933369823,23.14516830444336,10,8.649999618530273,-0.297332763671875,-0.325103759765625,-0.875823974609375
1573904427994.5393,40.977558698543326,28.743794420760818,24.14168930053711,10,9.319999694824219,-0.052703857421875,-0.1113128662109375,-0.9833221435546875
1573904429994.502,40.977524793745,28.74356827701325,23.71279525756836,10,9.550000190734863,-0.3058319091796875,-0.0728302001953125,-1.011199951171875
1573904431994.465,40.97748837437572,28.743314389166184,23.88784408569336,10,10.300000190734863,-0.2046966552734375,-0.0428619384765625,-0.9688720703125
1573904433994.4287,40.97743682567121,28.74307190070743,25.82699203491211,10,10.449999809265137,-0.2651214599609375,0.0511016845703125,-0.9728851318359375
1573904435994.3918,40.97741679292263,28.74282681385869,27.17684555053711,10,11.140000343322754,-0.2519378662109375,0.011962890625,-1.0463104248046875
1573904437994.3547,40.977361220904605,28.742569908526484,27.77083969116211,10,11.390000343322754,-0.2141571044921875,-0.0304107666015625,-0.98065185546875
1573904439994.3176,40.97731675490828,28.74227855357224,28.41201400756836,10,11.779999732971191,-0.27947998046875,0.0218658447265625,-0.9899139404296875
1573904441994.2808,40.97731738355102,28.74203229325706,30.46700668334961,10,11.550000190734863,-0.2735595703125,0.026123046875,-0.9793243408203125
1573904443994.2446,40.97730694808157,28.7417366635322,31.29415512084961,10,12.289999961853027,-0.205657958984375,0.0549468994140625,-0.94293212890625
1573904445994.207,40.97727949734868,28.741414211717192,32.05392074584961,10,12.5,-0.08514404296875,-0.1266937255859375,-1.0025787353515625
1573904447994.1704,40.97726830750795,28.74108958060736,33.82888412475586,10,12.8100004196167,-0.1676483154296875,-0.0387725830078125,-0.9349212646484375
1573904449994.1335,40.977283227295594,28.740769978639428,34.95553207397461,10,12.600000381469727,-0.1587371826171875,-0.0647125244140625,-0.9950103759765625
1573904451994.0962,40.97729035191329,28.74045347797567,35.80465316772461,10,13.289999961853027,-0.1391448974609375,-0.0069580078125,-1.0312042236328125
1573904453994.0588,40.977297686078565,28.740090038654152,37.66451644897461,10,13.989999771118164,-0.193328857421875,-0.0723876953125,-0.976043701171875
1573904455994.0234,40.977300619744675,28.739746045347992,38.70827865600586,10,14.140000343322754,-0.1670684814453125,-0.0791015625,-0.9449462890625
1573904457993.986,40.97733850594701,28.739389982101265,39.09341049194336,10,14.270000457763672,-0.1736602783203125,-0.0582733154296875,-1.064971923828125
1573904459993.949,40.97737940963449,28.739069625762045,40.05172348022461,10,14.399999618530273,-0.1463623046875,-0.169525146484375,-0.9411468505859375
1573904461993.912,40.97740732137205,28.73872102240914,40.45687484741211,10,15.100000381469727,-0.2270050048828125,-0.1923675537109375,-0.9040069580078125
1573904463993.876,40.977442860641496,28.738379040759742,41.15694808959961,10,14.6899995803833,-0.2120361328125,-0.229705810546875,-0.991790771484375
1573904465993.8384,40.977499312759356,28.738048793774784,42.36446762084961,10,14.699999809265137,-0.1749420166015625,-0.188751220703125,-0.965789794921875
1573904467993.8013,40.97756733190359,28.73769675384158,43.50136947631836,10,14.989999771118164,-0.2165679931640625,-0.2437896728515625,-0.94097900390625
1573904469993.7644,40.97766213122846,28.73732937502557,44.32302474975586,10,15.199999809265137,-0.20379638671875,-0.2080230712890625,-0.874053955078125
1573904471993.7268,40.97776233688088,28.736979011473,46.01656723022461,10,15.25,-0.2494354248046875,-0.1627197265625,-0.8961944580078125
1573904473993.691,40.97784682646485,28.736662259352148,47.70821762084961,10,14.640000343322754,-0.275390625,-0.1424407958984375,-0.978057861328125
1573904475993.6538,40.97792502962144,28.7363624386757,48.70272445678711,10,14.149999618530273,-0.2286529541015625,-0.2612762451171875,-0.9189910888671875
1573904477993.617,40.977972429283874,28.73615414838189,50.22292709350586,10,11.3100004196167,-0.0531158447265625,-0.313323974609375,-0.9206085205078125
1573904479993.5803,40.978059433438794,28.735794732373893,51.34212875366211,10,14.229999542236328,0.069580078125,-0.0731048583984375,-1.00048828125
1573904481993.5427,40.97819932740273,28.735465910312474,53.16201400756836,10,14.529999732971191,-0.010711669921875,-0.03045654296875,-0.996795654296875
1573904483993.5054,40.97834785472693,28.735096603658732,54.22616195678711,10,14.630000114440918,0.07745361328125,-0.04290771484375,-1.0600738525390625
1573904485993.4697,40.978478989602046,28.7347925920307,55.62185287475586,10,14.6899995803833,0.0233612060546875,-0.006011962890625,-1.0472412109375
1573904487993.4324,40.978615488895194,28.734464440521535,57.08938217163086,10,15.029999732971191,-0.0092315673828125,-0.116363525390625,-0.937286376953125
1573904489993.3958,40.978731326797025,28.734155735027727,58.18105697631836,10,14.369999885559082,0.07965087890625,-0.077117919921875,-1.0183563232421875
1573904491993.3586,40.97886971201839,28.733825823318895,59.13485336303711,10,15.289999961853027,0.063140869140625,-0.0338134765625,-0.9970550537109375
1573904493993.3218,40.97900093071254,28.73360227796131,60.90304183959961,10,13.479999542236328,0.0247955322265625,-0.0509490966796875,-0.9861907958984375
1573904495993.2844,40.979154026173966,28.73338133099371,61.70363998413086,10,12.670000076293945,0.0691375732421875,-0.10308837890625,-1.033477783203125
1573904497993.2476,40.97928662788214,28.73316256332093,62.42940902709961,10,12.430000305175781,0.112274169921875,-0.1100921630859375,-1.0146636962890625
1573904499993.2107,40.979408794120864,28.732952261370357,63.61532211303711,10,10.449999809265137,0.04962158203125,-0.0718536376953125,-1.35137939453125
1573904501993.1746,40.97950254570784,28.732805158969697,63.38320541381836,10,8.729999542236328,-0.3892364501953125,-0.543548583984375,0.1459197998046875
1573904503993.1375,40.979621652551906,28.73263425196403,63.73189926147461,10,8.350000381469727,-0.460693359375,-0.7947845458984375,-0.5449066162109375
1573904505993.1006,40.97967672165574,28.732483629164037,64.06454086303711,10,7.420000076293945,0.0754852294921875,-0.2751617431640625,-0.9356842041015625
1573904507993.0645,40.97970698032619,28.732302244779405,63.88967514038086,10,7.090000152587891,-0.001708984375,-0.21728515625,-0.992706298828125
1573904509993.0264,40.979794655033366,28.732412299168047,63.84951400756836,10,3.440000057220459,0.00653076171875,-0.1236419677734375,-0.97686767578125
1573904511992.989,40.979817747176604,28.73228841463917,63.57155990600586,10,3.819999933242798,-0.1285552978515625,-0.22552490234375,-1.009552001953125
1573904513992.9534,40.97984976604672,28.732261676368054,63.57430648803711,10,3.450000047683716,-0.1351318359375,-0.21978759765625,-0.955322265625
1573904515992.916,40.97990994811149,28.732208032187756,63.59182357788086,10,3.9800000190734863,-0.1606597900390625,-0.21722412109375,-1.01025390625
1573904517992.879,40.979935806282775,28.73210174965554,63.83321762084961,10,4.050000190734863,-0.12872314453125,-0.215545654296875,-0.966827392578125
1573904519992.8423,40.97994745712818,28.732009548720654,63.45962142944336,10,3.809999942779541,-0.0931243896484375,-0.1641845703125,-0.9610748291015625
1573904521992.8057,40.98001346461566,28.731837049153384,63.71822738647461,10,5.829999923706055,-0.009033203125,-0.20367431640625,-0.96295166015625
1573904523992.7683,40.98011693921031,28.731683995601472,65.13839340209961,10,6.480000019073486,-0.17626953125,-0.1858673095703125,-0.9352264404296875
1573904525992.7314,40.98022037189545,28.73158768753403,65.00155258178711,10,5.940000057220459,-0.2892303466796875,-0.29193115234375,-0.9895782470703125
1573904527992.6948,40.98022938244136,28.731550471883946,65.12087631225586,10,2.4000000953674316,-0.0811920166015625,-0.1098785400390625,-0.928863525390625
1573904529992.658,40.98023738715889,28.731493139666252,65.89010238647461,10,2.0199999809265137,0.047088623046875,-0.0419769287109375,-0.9986724853515625
1573904531992.6208,40.98022431138994,28.73154527510398,66.73568344116211,10,0.8199999928474426,-0.1746673583984375,-0.1230316162109375,-0.9756622314453125
1573904533992.5837,40.98021965943368,28.731513256233864,67.10097885131836,10,0.33000001311302185,-0.1770782470703125,-0.2183074951171875,-0.9015655517578125
1573904535992.5474,40.980155454055385,28.731491379466586,66.56936264038086,10,1.1200000047683716,-0.159210205078125,-0.1761474609375,-0.9625091552734375
1573904537992.511,40.9801890654871,28.731513423871927,66.74850082397461,10,0.4099999964237213,-0.147003173828125,-0.167388916015625,-0.9687042236328125
1573904539992.4731,40.98025042101832,28.731529936221175,67.05678939819336,10,4.059999942779541,-0.1279296875,-0.2240447998046875,-0.9975738525390625
1573904541992.4365,40.98030754368843,28.731536725562744,67.40194320678711,10,1.3300000429153442,-0.222747802734375,-0.19219970703125,-0.9570770263671875
1573904543992.3987,40.98032669633718,28.73149054127627,68.22341537475586,10,4.159999847412109,-0.2078094482421875,-0.2118377685546875,-0.962982177734375
1573904545992.362,40.980365504548864,28.73138023543053,68.30965805053711,10,4.929999828338623,-0.1918792724609375,-0.2537078857421875,-0.8839569091796875
1573904547992.3262,40.9803695697719,28.73121502811902,68.46773910522461,10,5.050000190734863,-0.22296142578125,-0.1257781982421875,-1.029266357421875
1573904549992.289,40.98044182177724,28.731052000102334,69.19283676147461,10,7.539999961853027,-0.164764404296875,-0.18499755859375,-1.0476226806640625
1573904551992.252,40.98053230442198,28.73091587799483,69.54775619506836,10,8.020000457763672,-0.1839447021484375,-0.1603851318359375,-1.0092926025390625
1573904553992.2146,40.98065245900394,28.730757962939077,69.33718490600586,10,9.0600004196167,-0.2153778076171875,-0.2336883544921875,-1.0489959716796875
1573904555992.1785,40.98082495857121,28.730497369569473,70.06405258178711,10,11.930000305175781,-0.2015533447265625,-0.163543701171875,-1.0791473388671875
1573904557992.1416,40.980926211961524,28.730296120074325,71.71444320678711,10,10.920000076293945,-0.1525115966796875,-0.1544952392578125,-1.0289306640625
1573904559992.1047,40.98104695327671,28.730110460919075,71.88546371459961,10,11.59000015258789,-0.18316650390625,-0.1949462890625,-0.9962615966796875
1573904561992.0671,40.98121199295016,28.729826649677687,71.75490951538086,10,12.880000114440918,-0.1914215087890625,-0.1703338623046875,-0.91973876953125
1573904563992.03,40.98136349584998,28.72956446374648,72.34194564819336,10,13.4399995803833,-0.1993408203125,-0.185791015625,-0.9668121337890625
1573904565991.994,40.98151449583562,28.72930194253915,72.71187973022461,10,13.819999694824219,-0.1631317138671875,-0.1541900634765625,-1.0230560302734375
1573904567991.9565,40.981694622934775,28.729024585363202,73.66360092163086,10,14.5,-0.209625244140625,-0.0965728759765625,-1.0156402587890625
1573904569991.921,40.98184570673944,28.7287449650734,74.48128890991211,10,14.539999961853027,-0.123321533203125,-0.028045654296875,-1.1581268310546875
1573904571991.8835,40.98210219297649,28.72830717827075,75.06234359741211,10,18.170000076293945,-0.139007568359375,-0.0733642578125,-1.0457305908203125
1573904573991.8467,40.98222767006697,28.728157896575265,75.47390365600586,10,13.760000228881836,-0.1462249755859375,-0.027069091796875,-0.965423583984375
1573904575991.8093,40.98235876303257,28.727938625988298,75.52419662475586,10,13.119999885559082,-0.1023101806640625,-0.0731353759765625,-1.01519775390625
1573904577991.7722,40.982551504896,28.72754450890117,76.33321762084961,10,15.270000457763672,-0.0724029541015625,-0.1392974853515625,-0.899383544921875
1573904579997.1475,40.98270916849466,28.727241922196676,76.71169662475586,10,14.109999656677246,0.0366668701171875,-0.0700225830078125,-0.9567413330078125
1573904581997.5344,40.98284541633071,28.72698803434961,76.93008041381836,10,13.010000228881836,0.0499267578125,-0.0364227294921875,-1.0164642333984375
1573904583997.859,40.982935018875615,28.726791897815396,77.28640365600586,10,10.260000228881836,0.045135498046875,-0.0259857177734375,-1.030517578125
1573904585998.1394,40.98300245128664,28.726645298328926,76.72249984741211,10,7.570000171661377,-0.001068115234375,-0.0578155517578125,-1.0176849365234375
1573904587998.376,40.98306351345124,28.726532058817078,77.07546615600586,10,4.730000019073486,-0.06060791015625,-0.0345458984375,-1.0182037353515625
1573904589998.5588,40.98311514597478,28.726424518999387,77.18813705444336,10,4.679999828338623,-0.0021514892578125,-0.015655517578125,-1.04852294921875
1573904591998.7122,40.98314041741284,28.726385459330608,77.42770004272461,10,2.8399999141693115,-0.127838134765625,-0.0357818603515625,-0.9566192626953125
1573904593998.8413,40.983186811246895,28.726378083255817,77.65780258178711,10,2.180000066757202,-0.06365966796875,-0.0677032470703125,-0.9934234619140625
1573904595998.9495,40.983226583377444,28.726347573128272,78.01174545288086,10,2.4800000190734863,-0.0376739501953125,-0.0728607177734375,-0.98480224609375
1573904597999.0403,40.98321023866626,28.72634011323445,78.15261459350586,10,0.800000011920929,-0.086181640625,-0.0665740966796875,-0.9882965087890625
1573904599999.1135,40.98321023866626,28.72634011323445,78.40676498413086,10,0,-0.0903167724609375,-0.0551910400390625,-0.992706298828125
1573904601999.1736,40.98321023866626,28.72634011323445,78.68246078491211,10,0,-0.06561279296875,-0.0736846923828125,-0.967376708984375
1573904603999.2214,40.98319163084122,28.726322930332948,79.17855453491211,10,0.44999998807907104,-0.0271759033203125,-0.165191650390625,-0.9354400634765625
1573904605999.257,40.98316564694139,28.726341286700894,79.05215072631836,10,1.2599999904632568,-0.1277923583984375,-0.1322479248046875,-1.00054931640625
1573904607999.2832,40.98316581457945,28.726352686089207,79.89797592163086,10,0.5799999833106995,-0.134521484375,-0.0733184814453125,-1.01226806640625
1573904609999.3025,40.98318567968997,28.726332150426437,79.92708969116211,10,1.25,-0.2669525146484375,-0.16015625,-0.9544219970703125
1573904611999.3123,40.983208478466594,28.726302310851146,80.10372543334961,10,2.359999895095825,-0.206787109375,-0.1185760498046875,-1.05255126953125
1573904613999.3157,40.98327976655307,28.726217318352987,79.96303939819336,10,4.670000076293945,-0.1961669921875,-0.1138458251953125,-0.9710693359375
1573904615999.3142,40.98343474794271,28.72603626924448,79.66524887084961,10,6.010000228881836,-0.228729248046875,-0.184600830078125,-0.8705902099609375
1573904617999.3083,40.9834912838796,28.725954880964686,79.52145004272461,10,5.909999847412109,-0.1436309814453125,-0.229034423828125,-0.8602447509765625
1573904619999.2966,40.98356240432801,28.72580165977471,79.53268051147461,10,6.690000057220459,-0.191864013671875,-0.182525634765625,-0.889892578125
1573904621999.282,40.9836020088205,28.725690431919624,79.38637924194336,10,5.809999942779541,-0.0203857421875,-0.00555419921875,-1.095733642578125
1573904623999.2627,40.98359681204053,28.725689929005433,79.76998519897461,10,1.6200000047683716,-0.0882568359375,-0.0602874755859375,-0.9276275634765625
1573904625999.242,40.983622586392784,28.72567752378874,79.86959457397461,10,0.17000000178813934,-0.1257476806640625,-0.022552490234375,-1.056732177734375
1573904627999.2175,40.983622586392784,28.72567752378874,79.74966049194336,10,0,-0.1360015869140625,-0.021392822265625,-1.0184783935546875
1573904629999.1904,40.98362971101048,28.725689845186402,79.18789291381836,10,0.18000000715255737,-0.01123046875,0.0526275634765625,-0.9562835693359375
1573904631999.1624,40.98362086810263,28.725676685598422,79.10952377319336,10,0.27000001072883606,-0.1880035400390625,-0.17486572265625,-1.0003204345703125
1573904633999.132,40.983624095135355,28.725686576244165,79.13497543334961,10,0.49000000953674316,-0.1188812255859375,-0.2429962158203125,-0.96832275390625
1573904635999.0996,40.98362656779679,28.725692946490575,79.23519515991211,10,0,-0.2058563232421875,-0.2151641845703125,-1.020294189453125
1573904637999.067,40.98362271212133,28.72571473943882,79.18087387084961,10,0.2800000011920929,-0.214202880859375,-0.25042724609375,-0.9227447509765625
1573904639999.032,40.98361621614637,28.72571851129525,79.18746566772461,10,0.3799999952316284,-0.177764892578125,-0.25018310546875,-0.9675445556640625
1573904641998.9978,40.98361541986557,28.725703088593413,78.68642807006836,10,0.15000000596046448,-0.1471099853515625,-0.3050384521484375,-1.0218658447265625
1573904643998.96,40.98361860498878,28.725666040581395,78.84719467163086,10,1.1399999856948853,-0.30010986328125,-0.2740325927734375,-0.88525390625
1573904645998.9224,40.98364408597442,28.72559538113766,78.61013412475586,10,3.190000057220459,-0.2734527587890625,-0.1553802490234375,-1.0196533203125
1573904647998.8853,40.983693287746036,28.725506616783072,78.53408432006836,10,4.28000020980835,-0.3815155029296875,-0.3493804931640625,-0.8089141845703125
1573904649998.8455,40.98378037571999,28.725352976497938,78.60811996459961,10,5.53000020980835,-0.7957611083984375,-0.422637939453125,-0.317901611328125
1573904651998.8064,40.98387953363451,28.725180812206794,78.42031478881836,10,7.519999980926514,-0.1192474365234375,-0.0832366943359375,-1.0531463623046875
1573904653998.7668,40.98399805374535,28.725004037868906,78.32656478881836,10,8.75,-0.162933349609375,-0.170745849609375,-1.070037841796875
1573904655998.7263,40.98410743758174,28.724827012073924,78.48318099975586,10,9.869999885559082,-0.1535186767578125,-0.21270751953125,-0.96435546875
1573904657998.6863,40.98422717306855,28.72464302929931,78.13631820678711,10,10.979999542236328,-0.1871795654296875,-0.221954345703125,-0.98211669921875
1573904659998.6443,40.98435478754433,28.7244085874676,79.74227523803711,10,11.920000076293945,-0.2220611572265625,-0.2530517578125,-0.9347381591796875
1573904661998.6038,40.98449233457538,28.72418386864357,80.32992172241211,10,12.119999885559082,-0.216094970703125,-0.1920623779296875,-1.0947418212890625
1573904663998.5613,40.98464689686986,28.72395755725794,80.04507064819336,10,12.149999618530273,-0.1804962158203125,-0.1710357666015625,-0.93463134765625
1573904665998.5212,40.98481847442778,28.72370366941087,80.65884017944336,10,13.09000015258789,-0.1824798583984375,-0.1101226806640625,-1.0658416748046875
1573904667998.4783,40.98496700175198,28.723453218144105,81.87594223022461,10,13.569999694824219,-0.1296234130859375,-0.20556640625,-0.980377197265625
1573904669998.4368,40.98514758985581,28.723198995020912,82.32162094116211,10,14.75,-0.18267822265625,-0.1520538330078125,-0.929656982421875
1573904671998.3943,40.98531313244345,28.722911244285033,82.87813949584961,10,15.09000015258789,-0.14727783203125,-0.1230926513671875,-0.970489501953125
1573904673998.3508,40.985481860154295,28.722635731127784,83.66793441772461,10,15.5,-0.17523193359375,-0.0857086181640625,-1.022918701171875
1573904675998.309,40.985642834604704,28.7223569490283,84.96297836303711,10,15.109999656677246,-0.1049957275390625,-0.0586090087890625,-0.95501708984375
1573904677998.266,40.985836372748935,28.7220477406203,85.62008285522461,10,16.15999984741211,-0.050872802734375,-0.2774200439453125,-0.896087646484375
1573904679998.2234,40.98601205743941,28.721731742870734,86.18917465209961,10,16.06999969482422,-0.0791473388671875,-0.1914825439453125,-0.9304962158203125
1573904681998.181,40.986161045768284,28.72140317226641,86.37356185913086,10,16.43000030517578,-0.083892822265625,-0.1766510009765625,-0.80279541015625
1573904683998.1375,40.98633614372554,28.721101339933202,87.69381332397461,10,16.489999771118164,-0.0857086181640625,-0.2437591552734375,-0.8069000244140625
1573904685998.0942,40.98651618700566,28.72076597998731,88.02700424194336,10,16.8700008392334,-0.183837890625,-0.1959686279296875,-0.976165771484375
1573904687998.0513,40.98672095690014,28.7204054743319,89.75680160522461,10,18.020000457763672,-0.235443115234375,-0.2011260986328125,-0.94354248046875
1573904689998.0083,40.98692304458561,28.72012300419502,91.25344467163086,10,17.549999237060547,-0.1721038818359375,0.25469970703125,-1.165283203125
1573904691997.965,40.98708980254921,28.71974598619036,91.08999252319336,10,17.959999084472656,-0.19873046875,-0.193084716796875,-0.8221282958984375
1573904693997.9229,40.98723870705905,28.719435017582697,92.93313217163086,10,16.979999542236328,-0.1432037353515625,-0.163055419921875,-0.8717193603515625
1573904695997.8787,40.987439788916134,28.719120780032796,93.40237045288086,10,17.350000381469727,-0.1730194091796875,-0.1426849365234375,-1.0312042236328125
1573904697997.8364,40.98765151579025,28.718782234963697,93.99154281616211,10,18.15999984741211,-0.2022247314453125,-0.2648468017578125,-0.93951416015625
1573904699997.7927,40.9878715407485,28.71847260746054,94.33181381225586,10,18.40999984741211,-0.202880859375,-0.2209014892578125,-0.932159423828125
1573904701997.7488,40.9880753048146,28.71813590641014,95.15523910522461,10,18.6299991607666,-0.2286529541015625,-0.3166046142578125,-0.842498779296875
1573904703997.706,40.98828284073713,28.717776406583113,96.21664047241211,10,18.610000610351562,-0.2729949951171875,-0.3104248046875,-0.999969482421875
1573904705997.6636,40.9884743672246,28.71745370331101,97.73617172241211,10,18.25,-0.281890869140625,-0.2482757568359375,-1.0036163330078125
1573904707997.6204,40.988673102148795,28.71705262924425,98.59676742553711,10,19.34000015258789,-0.152313232421875,-0.3377227783203125,-1.02716064453125
1573904709997.5762,40.988896479868316,28.716630181324405,98.84200668334961,10,20.40999984741211,-0.3820648193359375,-0.3996124267578125,-0.77783203125
1573904711997.532,40.98910950593742,28.716249391463318,99.41433334350586,10,20.520000457763672,-0.4833831787109375,-0.4148101806640625,-0.6051483154296875
1573904713997.489,40.9893245855728,28.715993743416586,100.12582015991211,10,18.670000076293945,-0.5148468017578125,-0.4575042724609375,-0.572418212890625
1573904715997.4465,40.98948266826662,28.7155888974934,100.28817367553711,10,18.690000534057617,-0.244964599609375,-0.448760986328125,-0.71337890625
1573904717997.4016,40.989717822560095,28.7152366061031,101.03145980834961,10,19.010000228881836,-0.1151123046875,-0.1081085205078125,-1.0010833740234375
1573904719997.3594,40.99000699821951,28.714831341084757,101.51839828491211,10,21.360000610351562,-0.16656494140625,-0.18719482421875,-0.96868896484375
1573904721997.317,40.990165835284614,28.714557671946206,101.70919418334961,10,18.43000030517578,-0.043365478515625,-0.1506500244140625,-0.99169921875
1573904723997.2725,40.99028255328628,28.714380646151223,102.07906723022461,10,14.470000267028809,-0.1451873779296875,-0.1762542724609375,-0.913177490234375
1573904725997.23,40.99034336399379,28.71422759259931,102.67074203491211,10,10.680000305175781,-0.1085968017578125,-0.259613037109375,-0.8324737548828125
1573904727997.1865,40.99042475227358,28.714027348932543,102.71737289428711,10,8.920000076293945,-0.065093994140625,-0.1652984619140625,-0.9085235595703125
1573904729997.1428,40.99050609864386,28.713920982581296,102.80208969116211,10,6.730000019073486,-0.049072265625,-0.052886962890625,-1.0786895751953125
1573904731997.0989,40.99054063208493,28.71384839529983,103.18825912475586,10,5.150000095367432,-0.17193603515625,-0.157379150390625,-1.0533599853515625
1573904733997.056,40.99057646472099,28.713743705329218,103.36788558959961,10,4.949999809265137,-0.1356964111328125,-0.20538330078125,-1.0084228515625
1573904735997.0122,40.99061397373769,28.713685451102176,103.80636215209961,10,4.210000038146973,-0.0403289794921875,-0.2088165283203125,-1.019927978515625
1573904737996.9692,40.99065676335338,28.713582688969293,103.58419418334961,10,4.880000114440918,-0.06829833984375,-0.2571563720703125,-0.871246337890625
1573904739996.9258,40.990693517998785,28.713482525226393,103.61733627319336,10,4.650000095367432,-0.168701171875,-0.204132080078125,-0.867279052734375
1573904741996.8823,40.99071635868493,28.71358646082572,103.64931869506836,10,1.5499999523162842,-0.0366058349609375,-0.1463165283203125,-0.95947265625
1573904743996.8398,40.99069020714703,28.71352443474225,103.51284408569336,10,0.1599999964237213,0.0535125732421875,0.0138092041015625,-1.1960601806640625
1573904745996.7957,40.99067289851698,28.71348679999701,103.66939926147461,10,0.9599999785423279,-0.114990234375,-0.3895416259765625,-0.8758087158203125
1573904747996.7517,40.99067889157775,28.713489817482152,103.93819808959961,10,0.3100000023841858,-0.282257080078125,-0.433563232421875,-0.8177032470703125
1573904749996.6987,40.99071388602349,28.713544802766958,103.18539047241211,10,0.9200000166893005,-0.16156005859375,-0.051483154296875,-1.2310028076171875
1573904751996.665,40.99069360181782,28.713539941263118,102.83175277709961,10,0.1599999964237213,-0.2547760009765625,-0.1849365234375,-0.7986907958984375
1573904753996.621,40.990669126660556,28.71353658850185,102.58883285522461,10,0.7400000095367432,-0.198883056640625,-0.3078765869140625,-0.906585693359375
1573904755996.5786,40.9906668635467,28.713532313731232,102.04867172241211,10,0.7400000095367432,-0.23138427734375,-0.202880859375,-0.874908447265625
1573904757996.5354,40.990683208257884,28.71351613665811,102.71981430053711,10,0.1599999964237213,-0.162994384765625,-0.1753082275390625,-0.96246337890625
1573904759996.4917,40.990699804426164,28.713501719784656,102.66842269897461,10,0.4099999964237213,-0.1425933837890625,-0.120361328125,-0.961212158203125
1573904761996.448,40.99070885688159,28.713490404215374,102.86446762084961,10,0.18000000715255737,-0.1684112548828125,-0.1295013427734375,-0.9868316650390625
1573904763996.4045,40.99070671949628,28.71348780582539,102.91176986694336,10,0.6499999761581421,-0.3493499755859375,-0.142364501953125,-0.9759674072265625
1573904765996.3618,40.990718118884594,28.71345838534526,103.10915756225586,10,2.450000047683716,-0.2477569580078125,-0.153076171875,-0.95172119140625
1573904767996.3179,40.990774361454875,28.7133924197673,103.42147445678711,10,4.610000133514404,-0.26123046875,-0.1641998291015625,-0.983184814453125
1573904769996.274,40.99086932841781,28.713295105871477,103.70791244506836,10,6.199999809265137,-0.2017974853515625,-0.1685028076171875,-0.9231414794921875
1573904771996.2307,40.99095528483483,28.713155211907544,103.50033187866211,10,7.389999866485596,-0.242462158203125,-0.1598968505859375,-0.9658050537109375
1573904773996.187,40.991081725844175,28.712952453669825,103.53969955444336,10,9.859999656677246,-0.2186279296875,-0.135101318359375,-0.933746337890625
1573904775996.1443,40.99118821792397,28.712760927182355,103.48177719116211,10,9.989999771118164,-0.20989990234375,-0.163055419921875,-0.8885650634765625
1573904777996.1006,40.9913014155263,28.712540986043134,103.23580551147461,10,11,-0.21771240234375,-0.12957763671875,-0.873931884765625
1573904779996.0571,40.99142731171194,28.712324313846146,102.62960433959961,10,11.529999732971191,-0.1314849853515625,-0.3868560791015625,-0.9080963134765625
1573904781996.0137,40.99159738052729,28.712064223390733,102.78438949584961,10,12.989999771118164,0.00421142578125,-0.1884002685546875,-1.088348388671875
1573904783995.9707,40.99175516985449,28.71184956285051,103.62289047241211,10,12.930000305175781,-0.1148223876953125,-0.2110137939453125,-0.8777008056640625
1573904785995.9272,40.99187951538804,28.711565835428154,103.83492660522461,10,13.829999923706055,-0.1201629638671875,-0.25433349609375,-0.9007568359375
1573904787995.8845,40.9920242289463,28.711309516829168,103.46816635131836,10,14.369999885559082,-0.2422637939453125,-0.2659912109375,-1.055694580078125
1573904789995.8403,40.99221533633861,28.71108002032033,103.96584701538086,10,14.90999984741211,-0.1822662353515625,-0.2226104736328125,-0.978515625
1573904791995.7966,40.99238691389653,28.71076670477978,104.24758529663086,10,15.609999656677246,-0.2168426513671875,-0.2465057373046875,-1.1025543212890625
1573904793995.7542,40.99256092220637,28.710477612939393,105.59817123413086,10,15.680000305175781,-0.0924835205078125,-0.309600830078125,-1.0068359375
1573904795995.7097,40.99273706790152,28.710160190266286,106.51528549194336,10,16.420000076293945,-0.151641845703125,-0.2346343994140625,-0.9840240478515625
1573904797995.6675,40.992912584953935,28.709833296042596,107.41781234741211,10,16.719999313354492,-0.25787353515625,-0.294464111328125,-0.905792236328125
1573904799995.6235,40.99309665154758,28.70950807819954,107.77004623413086,10,16.90999984741211,-0.12371826171875,-0.1287841796875,-1.0243072509765625
1573904801995.58,40.99328972868714,28.70918361472777,108.25185775756836,10,17.18000030517578,-0.100494384765625,-0.2027740478515625,-0.95147705078125
1573904803995.5366,40.993487038687796,28.708827048566853,108.26302719116211,10,17.389999389648438,-0.13970947265625,-0.185089111328125,-0.934051513671875
1573904805995.4934,40.99367378749046,28.708500489619286,108.33272933959961,10,17.600000381469727,-0.0858306884765625,-0.1851959228515625,-0.9062042236328125
1573904807995.4492,40.99385739307943,28.70817434976688,109.77560043334961,10,16.90999984741211,-0.1135101318359375,-0.1732940673828125,-0.9876556396484375
1573904809995.4062,40.99402557596657,28.707837313440354,110.35219955444336,10,17,-0.165679931640625,-0.243438720703125,-0.95587158203125
1573904811995.3628,40.994222299234,28.70751176032117,110.84518051147461,10,17.25,-0.042938232421875,-0.185577392578125,-0.9544219970703125
1573904813995.3188,40.99435070999059,28.70724395851484,110.63473129272461,10,13.329999923706055,-0.0803070068359375,-0.13787841796875,-1.01385498046875
1573904815995.276,40.99449923731479,28.70700004513255,110.83456039428711,10,12.90999984741211,-0.1115264892578125,-0.1431121826171875,-1.047149658203125
1573904817995.2332,40.994612602555186,28.706793012124212,111.27401351928711,10,9.970000267028809,-0.1440277099609375,-0.17816162109375,-0.9130096435546875
1573904819995.1892,40.99470480349007,28.706637779277475,112.28182601928711,10,8.710000038146973,-0.0568389892578125,-0.2033538818359375,-1.0396728515625
1573904821995.1453,40.99475677128974,28.706517918062122,112.69778060913086,10,6.090000152587891,-0.015472412109375,-0.175506591796875,-0.969451904296875
1573904823995.102,40.994794741311104,28.70645916092089,112.87563705444336,10,3.4000000953674316,0.0314788818359375,-0.16363525390625,-1.0114593505859375
1573904825995.0586,40.994806769342155,28.70640350508383,112.87966537475586,10,2.5999999046325684,-0.1622314453125,-0.16156005859375,-0.9718475341796875
1573904827995.0154,40.99483354952279,28.70632672685078,113.01943588256836,10,3.5199999809265137,-0.1877899169921875,-0.2425994873046875,-0.9558258056640625
1573904829994.9717,40.99485043905768,28.70623444209686,113.29220199584961,10,4.300000190734863,-0.016693115234375,-0.2894287109375,-0.831085205078125
1573904831994.9285,40.99486175462696,28.706166129586013,113.70785140991211,10,3.2899999618530273,-0.035919189453125,-0.211700439453125,-0.9914703369140625
1573904833994.884,40.99492176905367,28.70600712488285,114.01046371459961,10,5.340000152587891,-0.0019989013671875,-0.2209625244140625,-1.012420654296875
1573904835994.842,40.99495491948071,28.70595004412225,113.82363510131836,10,3.680000066757202,0.0293426513671875,-0.173675537109375,-1.0205841064453125
1573904837994.7986,40.99497042600158,28.70599455202809,113.78658676147461,10,0.7300000190734863,0.006103515625,-0.1905670166015625,-0.951202392578125
1573904839994.755,40.995035721027286,28.706128662478836,113.86935043334961,10,2.819999933242798,-0.0688629150390625,-0.182373046875,-0.9691925048828125
1573904841994.712,40.99495018370542,28.706038137924583,114.07332992553711,10,1.149999976158142,-0.0474853515625,-0.19537353515625,-0.9834442138671875
1573904843994.6685,40.994971892834634,28.706082562011392,113.94283676147461,30,0,-0.027801513671875,-0.211456298828125,-0.9727630615234375
1573904845994.6243,40.99498622588906,28.7059578392922,113.84920883178711,10,1.5800000429153442,-0.03814697265625,-0.221435546875,-0.97662353515625
1573904847994.5813,40.99495533857587,28.705960521501215,113.46963119506836,10,0.8700000047683716,-0.0463714599609375,-0.2082977294921875,-0.970184326171875
1573904849994.537,40.994937485122115,28.705952223417075,113.78457260131836,10,0.6000000238418579,-0.0413055419921875,-0.19561767578125,-0.9905242919921875
1573904851994.4946,40.994917871468694,28.705976279479177,113.80196762084961,10,1.399999976158142,-0.132781982421875,-0.2230224609375,-0.9646759033203125
1573904853994.451,40.99492985759023,28.705961108234437,114.06356430053711,10,2.450000047683716,-0.1411285400390625,-0.1790008544921875,-1.0038909912109375
1573904855994.4082,40.994981196747155,28.705953229245456,114.07607650756836,30,2.7300000190734863,-0.1390533447265625,-0.1933746337890625,-1.117828369140625
1573904857994.3638,40.99515302576217,28.705735718858154,114.28420639038086,10,6.880000114440918,0.0655517578125,-0.1555633544921875,-0.9557647705078125
1573904859994.321,40.99518600855115,28.705565650042804,114.28329086303711,10,6.900000095367432,-0.2145538330078125,-0.1926116943359375,-0.8883056640625
1573904861994.2776,40.99534614481124,28.705414775785716,114.26705551147461,10,9.609999656677246,-0.1556396484375,-0.217498779296875,-0.96478271484375
1573904863994.2336,40.99545946814212,28.705217214327963,113.73226547241211,10,9.880000114440918,-0.1538848876953125,-0.1981658935546875,-0.8241729736328125
1573904865994.1907,40.99558163438085,28.705020993974717,112.69576644897461,10,10.979999542236328,-0.1139068603515625,-0.2046661376953125,-1.0108489990234375
1573904867994.1472,40.995753044300706,28.704767022308616,111.75014877319336,10,12.90999984741211,-0.1692962646484375,-0.167022705078125,-1.02789306640625
1573904869994.104,40.99596292715612,28.70452688078275,111.25246810913086,10,14.119999885559082,-0.214599609375,-0.1154937744140625,-0.946075439453125
1573904871994.0596,40.996100474187166,28.70425069707325,110.56563949584961,10,14.1899995803833,-0.1228790283203125,-0.1264190673828125,-0.9458465576171875
1573904873994.017,40.996288773641915,28.703942243036536,109.53451156616211,10,15.369999885559082,-0.0866546630859375,-0.1189422607421875,-1.0203857421875
1573904875993.9731,40.99647367842588,28.703731941085962,109.30550765991211,10,14.390000343322754,-0.0775146484375,-0.13067626953125,-1.060791015625
1573904877993.9304,40.9966978524262,28.703362634432224,108.20956039428711,10,17.25,-0.1862335205078125,-0.205810546875,-0.9022216796875
1573904879993.886,40.996906226539046,28.703012941431908,107.11172103881836,10,18.860000610351562,-0.1928863525390625,-0.199859619140625,-0.8744049072265625
1573904881993.843,40.99710952960047,28.702626703333763,105.21828842163086,10,18.959999084472656,-0.130096435546875,-0.15283203125,-0.9523773193359375
1573904883993.7993,40.997341079675586,28.702268963706402,103.21059799194336,10,20.190000534057617,-0.071624755859375,-0.1150970458984375,-0.9837799072265625
1573904885993.7563,40.99761382680479,28.70185942391744,100.83993148803711,10,20.440000534057617,-0.1030426025390625,-0.1041259765625,-0.9681549072265625
1573904887993.712,40.997862936967046,28.7015006784617,99.45046615600586,10,20.600000381469727,-0.1382904052734375,-0.1717681884765625,-1.0464019775390625
1573904889993.6694,40.998097462617785,28.70111527855387,98.34145736694336,10,21.459999084472656,-0.1268310546875,-0.2071533203125,-1.0924835205078125
1573904891993.627,40.99831296134833,28.700731974121833,97.29708480834961,10,20.889999389648438,-0.207122802734375,-0.234954833984375,-0.9912872314453125
1573904893993.5818,40.99853432741109,28.7004039064317,94.25374984741211,10,20.5,-0.2631683349609375,-0.159942626953125,-0.9541473388671875
1573904895993.5388,40.99878205455933,28.699937704977298,89.93551254272461,10,21.6299991607666,-0.260589599609375,-0.2763214111328125,-0.876068115234375
1573904897993.4958,40.99897773008887,28.699516933438087,87.58120346069336,10,21.540000915527344,-0.1641387939453125,-0.151519775390625,-1.024505615234375
1573904899993.4521,40.99919524047617,28.699078895178342,85.14468002319336,10,21.809999465942383,-0.1802520751953125,-0.2015838623046875,-0.906890869140625
1573904901993.4084,40.999423018694856,28.69860288689723,86.51772689819336,10,23.040000915527344,-0.16619873046875,-0.14849853515625,-1.017425537109375
1573904903993.3657,40.99957452159468,28.69813090192964,86.48080062866211,10,22.290000915527344,-0.094329833984375,-0.1432647705078125,-1.1775360107421875
1573904905993.3218,40.99970888350252,28.697591610279584,83.05508041381836,10,22.649999618530273,-0.1720733642578125,-0.2266387939453125,-0.897003173828125
1573904907993.2783,40.99979324735794,28.697056341943046,81.40377426147461,10,22.3799991607666,-0.0602874755859375,-0.2140655517578125,-1.0132293701171875
1573904909993.235,40.99984328731988,28.696545716401836,76.15975570678711,10,21.6200008392334,-0.106048583984375,-0.1651458740234375,-1.2345428466796875
1573904911993.1917,40.999849364199676,28.696054117780825,78.85171127319336,10,20.489999771118164,-0.15496826171875,-0.2012176513671875,-1.0328369140625
1573904913993.148,40.99983666561637,28.69559403511574,79.99013900756836,10,19.530000686645508,-0.1227569580078125,-0.1646881103515625,-1.0158538818359375
1573904915993.1045,40.99985083103273,28.69513378481259,82.32332992553711,10,18.860000610351562,-0.044586181640625,-0.2024383544921875,-1.031219482421875
1573904917993.0627,40.999822961204686,28.694715779301426,83.62862777709961,10,17.989999771118164,-0.1239471435546875,-0.1490631103515625,-1.0102081298828125
1573904919993.0186,40.999769945667126,28.69431034664502,83.97152328491211,10,16.969999313354492,-0.139007568359375,-0.186279296875,-0.9746856689453125
1573904921992.9749,40.99972409665678,28.693914888453385,83.10866928100586,10,16.65999984741211,-0.123077392578125,-0.013092041015625,-1.289642333984375
1573904923992.931,40.999667979815044,28.69353929537227,82.30019760131836,10,15.420000076293945,-0.0433502197265625,-0.2552642822265625,-0.9498443603515625
1573904925992.8884,40.99967175167147,28.693240312886136,82.34566879272461,10,12.640000343322754,-0.12237548828125,-0.1665802001953125,-1.0084075927734375
1573904927992.8445,40.99969823848549,28.692995309856432,81.64858627319336,10,9.319999694824219,-0.141876220703125,-0.26934814453125,-0.9603424072265625
1573904929992.8003,40.99969698120002,28.69286580945243,81.03347396850586,10,5.519999980926514,-0.0357818603515625,-0.2477264404296875,-0.8211517333984375
1573904931992.7576,40.99971403837297,28.69279389272322,81.57253646850586,10,2.509999990463257,-0.079559326171875,-0.1739501953125,-0.9828338623046875
1573904933992.7148,40.99970012441371,28.69279976005544,81.94271469116211,10,0.1899999976158142,-0.067108154296875,-0.1462860107421875,-1.0261077880859375
1573904935992.671,40.99970012441371,28.69279976005544,81.72164535522461,10,0,-0.217742919921875,-0.24505615234375,-0.9268951416015625
1573904937992.6282,40.99969056904409,28.69280755522539,81.57546615600586,10,0,-0.189483642578125,-0.3487396240234375,-0.9318389892578125
1573904939992.5845,40.99969056904409,28.69280755522539,81.14937973022461,10,0,-0.2066497802734375,-0.3373260498046875,-0.9139404296875
1573904941992.5403,40.99968227095995,28.6928001791506,80.37423324584961,10,0.17000000178813934,-0.1687774658203125,-0.3124542236328125,-0.9725494384765625
1573904943992.4976,40.9996813489506,28.69280277754058,81.33919906616211,10,0,-0.261688232421875,-0.989349365234375,0.0145111083984375
1573904945992.454,40.999679756389,28.692806717035072,81.03561019897461,10,0,0.26397705078125,-0.3719635009765625,-0.7731170654296875
1573904947992.4106,40.999679756389,28.692806717035072,80.75429916381836,10,0,0.09710693359375,-0.2762451171875,-1.0007781982421875
1573904949992.3801,40.99967770282272,28.69281685913791,80.12484359741211,10,0.23999999463558197,-0.0433807373046875,-0.226654052734375,-0.9844970703125
1573904951992.3235,40.999679295384325,28.692795066189664,80.26259994506836,10,1.7100000381469727,-0.06756591796875,-0.1879425048828125,-1.0196990966796875
1573904953992.28,40.999674350061454,28.692753575768965,81.05624008178711,10,1.559999942779541,0.0102386474609375,-0.15582275390625,-1.050140380859375
1573904955992.2366,40.99967673890386,28.692720215794342,81.31734848022461,10,1.2200000286102295,-0.0016021728515625,-0.1345062255859375,-0.99932861328125
1573904957992.193,40.9996892698491,28.692685598534243,81.83346176147461,10,1.3300000429153442,-0.0237579345703125,-0.13702392578125,-0.9813995361328125
1573904959992.163,40.99969312552456,28.692652070921557,82.33413314819336,10,1.3300000429153442,-0.0130615234375,-0.153839111328125,-0.9786376953125
1573904961992.1067,40.99970092069451,28.69260965849151,81.72457504272461,10,1.350000023841858,-0.02691650390625,-0.1384429931640625,-0.984954833984375
1573904963992.063,40.999706704207696,28.69256858716597,81.61196517944336,10,1.340000033378601,-0.1279144287109375,-0.2123260498046875,-0.948516845703125
1573904965992.02,40.99971043415461,28.69253003041138,81.67019271850586,10,1.4600000381469727,-0.19256591796875,-0.1396331787109375,-1.0121307373046875
1573904967991.9768,40.999719863795676,28.69248703124811,81.26284408569336,10,1.7200000286102295,-0.1244964599609375,-0.2609710693359375,-0.9015960693359375
1573904969991.9329,40.999727658965625,28.692442271885174,80.88894271850586,10,1.8200000524520874,-0.1854095458984375,-0.23388671875,-0.93670654296875
1573904971991.8892,40.99973469976429,28.692398434531587,80.36361312866211,10,2.3499999046325684,-0.0953369140625,-0.2268524169921875,-0.8812713623046875
1573904973991.8462,40.999732520469465,28.69234336542775,80.03341293334961,10,2.3399999141693115,-0.19342041015625,-0.165771484375,-0.980804443359375
1573904975991.8027,40.99974827844743,28.69228770959069,80.00790023803711,10,2.3399999141693115,-0.1258392333984375,-0.1916351318359375,-0.989593505859375
1573904977991.7593,40.999767724462785,28.69225636127283,79.79665756225586,10,0.9399999976158142,-0.0881500244140625,-0.1631622314453125,-0.98211669921875
1573904979991.7153,40.999786458016374,28.692225264412063,79.95418930053711,10,2.3499999046325684,-0.246826171875,-0.186248779296875,-1.02325439453125
1573904981991.672,40.99979844413791,28.69214890527417,79.63076400756836,10,3.809999942779541,-0.1797332763671875,-0.1535797119140625,-0.9610595703125
1573904983991.629,40.999850789123215,28.692002138149636,79.97683334350586,10,5.710000038146973,-0.1293182373046875,-0.08709716796875,-0.931243896484375
1573904985991.5852,40.999847855457105,28.69187775070657,80.33810043334961,10,5.46999979019165,-0.1575775146484375,-0.08428955078125,-0.98248291015625
1573904987991.5417,40.99986361343507,28.69172184730758,80.10421371459961,10,6.159999847412109,-0.1291046142578125,-0.0667724609375,-0.9567413330078125
1573904989991.499,40.99992643579934,28.691509114605086,79.16390609741211,10,7.789999961853027,-0.122100830078125,-0.068511962890625,-1.0049591064453125
1573904991991.4556,41.00000686016027,28.691292526227134,78.93648910522461,10,9.1899995803833,-0.0878448486328125,-0.1909332275390625,-0.9355926513671875
1573904993991.4119,41.000074879304506,28.69108515794267,77.81795883178711,10,9.869999885559082,-0.042877197265625,-0.1328887939453125,-1.0592498779296875
1573904995991.3687,41.00013677965943,28.69080805222382,77.42855453491211,10,10.739999771118164,-0.0729827880859375,-0.1555023193359375,-0.9519195556640625
1573904997991.325,41.000253874846734,28.690588111084598,75.61690902709961,10,11.260000228881836,-0.1785430908203125,-0.1007843017578125,-0.988922119140625
1573904999991.2815,41.00036459978763,28.690350567948716,74.73916244506836,10,11.770000457763672,-0.17706298828125,-0.1275787353515625,-0.8854827880859375
1573905001991.238,41.00049854260031,28.690073378410833,72.98324203491211,10,12.8100004196167,-0.09112548828125,-0.139892578125,-0.940521240234375
1573905003991.1943,41.000645519272425,28.689833991256254,73.20028305053711,10,13.699999809265137,-0.1384735107421875,-0.109619140625,-0.964508056640625
1573905005991.151,41.0008021770427,28.689525872495665,72.00106430053711,10,15.100000381469727,-0.1080169677734375,-0.086456298828125,-1.0825653076171875
1573905007991.108,41.00101918451581,28.689192105111374,70.52309799194336,10,17.059999465942383,-0.0605316162109375,-0.139190673828125,-1.004486083984375
1573905009996.2087,41.00125890694652,28.688911311355128,68.15395736694336,10,18.360000610351562,-0.018096923828125,-0.0360107421875,-1.1063690185546875
1573905011996.6145,41.001528427043,28.688635714378847,66.89364242553711,10,18.90999984741211,-0.022064208984375,-0.1147308349609375,-1.088134765625
1573905013997.0408,41.00181001708005,28.688321393009915,65.48519515991211,10,19.260000228881836,0.0350341796875,-0.1861114501953125,-0.9716644287109375
1573905015997.4045,41.002056403123774,28.687990726929797,63.48556137084961,10,19.520000457763672,-0.002288818359375,-0.14996337890625,-0.9382476806640625
1573905017997.7136,41.00232533648703,28.68772703225602,60.64791488647461,10,19.25,-0.0537872314453125,-0.045318603515625,-1.074432373046875
1573905019997.9932,41.00257398564462,28.687405334812297,58.87038803100586,10,19.360000610351562,0.0001983642578125,-0.085296630859375,-1.0792694091796875
1573905021998.2124,41.002830471881666,28.68713283914019,56.50588607788086,10,18.25,0.0299530029296875,-0.0202789306640625,-0.993621826171875
1573905023998.402,41.003081803248264,28.68688356133987,54.65871810913086,10,17.579999923706055,0.023956298828125,-0.060089111328125,-0.922821044921875
1573905025998.5632,41.00330279212538,28.686594637137546,52.81948471069336,10,16.639999389648438,0.0633544921875,-0.09197998046875,-0.8675537109375
1573905027998.7007,41.003509364129044,28.68635784837295,51.54928207397461,10,15.390000343322754,0.029541015625,-0.150482177734375,-1.03045654296875
1573905029998.8147,41.00369104188029,28.68607738989283,50.26412582397461,10,14.3100004196167,-0.1456146240234375,-0.1041412353515625,-0.9384918212890625
1573905031998.911,41.003843843975105,28.68587664331187,49.30086898803711,10,12.359999656677246,-0.25115966796875,-0.1829833984375,-0.921051025390625
1573905033998.9905,41.0039624898145,28.685668269199024,49.25252914428711,10,11.100000381469727,-0.0654754638671875,-0.0809173583984375,-0.9655609130859375
1573905035999.0552,41.00408557806257,28.685455787953625,47.91592025756836,10,11.1899995803833,-0.164947509765625,-0.13140869140625,-1.0641326904296875
1573905037999.108,41.00418305959646,28.685269206789027,46.27303695678711,10,9.369999885559082,-0.059478759765625,-0.0680999755859375,-0.9112396240234375
1573905039999.148,41.00429613147024,28.68508321235765,45.28780746459961,10,9.649999618530273,-0.1434783935546875,-0.0803375244140625,-1.0181121826171875
1573905041999.1785,41.0043887934098,28.684946503516922,44.28597640991211,10,8.40999984741211,-0.2245025634765625,-0.085784912109375,-0.9813232421875
1573905043999.1997,41.00443816281948,28.684880035024772,43.96041488647461,10,5.539999961853027,-0.1861724853515625,-0.005615234375,-1.0622406005859375
1573905045999.2134,41.00446427244786,28.684820942607413,43.35146713256836,10,3.0899999141693115,-0.1318511962890625,-0.172027587890625,-1.00146484375
1573905047999.2212,41.0044493107507,28.68479093539406,42.73818588256836,10,0.5600000023841858,-0.129791259765625,-0.0977783203125,-1.04071044921875
1573905049999.2227,41.0044493107507,28.68479093539406,41.75069808959961,10,0,-0.2200164794921875,-0.1993865966796875,-0.954803466796875
1573905051999.219,41.0044493107507,28.68479093539406,41.44668197631836,10,0,-0.190155029296875,-0.2063751220703125,-0.9191436767578125
1573905053999.2107,41.0044493107507,28.68479093539406,41.09255599975586,10,0,-0.174591064453125,-0.1823883056640625,-0.9589691162109375
1573905055999.1975,41.0044493107507,28.68479093539406,41.16280746459961,10,0,-0.162689208984375,-0.19561767578125,-0.949249267578125
1573905057999.1821,41.004417208061554,28.684816081103573,41.34017562866211,10,0.4099999964237213,-0.465789794921875,-0.4139251708984375,-0.96356201171875
1573905059999.163,41.004417208061554,28.684816081103573,41.30727767944336,10,0,-0.205963134765625,-0.17413330078125,-0.96966552734375
1573905061999.1406,41.00441905208025,28.684827815768013,41.04427719116211,10,0,-0.125701904296875,-0.1505279541015625,-0.99774169921875
1573905063999.1165,41.00441905208025,28.684827815768013,40.70760726928711,10,0,-0.1415252685546875,-0.0226898193359375,-1.005126953125
1573905065999.0903,41.00443837236706,28.684822451349984,40.75753402709961,10,1.350000023841858,-0.1501922607421875,-0.103607177734375,-0.9954986572265625
1573905067999.0625,41.00447386972699,28.684769896817098,40.87954330444336,10,3.630000114440918,-0.183074951171875,-0.109710693359375,-0.9849395751953125
1573905069999.032,41.00452956747357,28.68462145331193,40.49300765991211,10,5.199999809265137,-0.15435791015625,-0.1196136474609375,-1.0899810791015625
1573905071999.0005,41.00461351223383,28.684480972614775,39.89992904663086,10,7.5,-0.2082672119140625,-0.97296142578125,-0.037261962890625
1573905073998.9685,41.0047101555774,28.68430771867622,39.04537582397461,10,9.640000343322754,0.00390625,-0.5980072021484375,-1.468048095703125
1573905075998.9346,41.00483341146354,28.68408492768992,38.16329574584961,10,10.359999656677246,0.1820831298828125,-0.11114501953125,-1.1211090087890625
1573905077998.8994,41.00492041561846,28.68380648086656,37.17757797241211,10,11.6899995803833,-0.0317230224609375,-0.28594970703125,-0.9262542724609375
1573905079998.8652,41.00505481943581,28.683586204451213,36.36806869506836,10,12.010000228881836,0.014984130859375,-0.30462646484375,-0.9123992919921875
1573905081998.8284,41.00514500871394,28.683240450945387,35.57217025756836,10,14.390000343322754,0.0367279052734375,-0.330657958984375,-0.8946685791015625
1573905083998.7922,41.00529542196635,28.682795288067947,33.80068588256836,10,16.65999984741211,0.0249786376953125,-0.2764739990234375,-1.0689239501953125
1573905085998.754,41.005419641771354,28.682354399961124,32.67513656616211,10,18.15999984741211,0.0322113037109375,-0.2346343994140625,-1.009613037109375
1573905087998.7156,41.005519679785706,28.681948967304713,30.88705062866211,10,18.010000228881836,0.024078369140625,-0.203277587890625,-1.0805816650390625
1573905089998.6782,41.00569465201441,28.681501122218258,29.48604965209961,10,19.93000030517578,-0.020721435546875,-0.232818603515625,-0.9752655029296875
1573905091998.6387,41.00575701337401,28.68101212198723,29.24837875366211,10,20.84000015258789,0.0527191162109375,-0.169097900390625,-1.1478271484375
1573905093998.5994,41.00573861509655,28.680535024058706,28.73763656616211,10,20.09000015258789,0.0142059326171875,-0.2555084228515625,-0.9005889892578125
1573905095998.5605,41.005810573735275,28.679997827884442,28.08926010131836,10,21.079999923706055,0.0255279541015625,-0.156005859375,-1.1131134033203125
1573905097998.5203,41.005767155476846,28.67951737719465,26.25130844116211,10,20.280000686645508,-0.003997802734375,-0.144989013671875,-0.8229827880859375
1573905099998.4797,41.00580391012225,28.67900281215895,25.27566146850586,10,19.959999084472656,-0.12384033203125,-0.1858062744140625,-1.0472869873046875
1573905101998.4397,41.00581681825314,28.678577430572993,25.82290267944336,10,19.270000457763672,0.1864471435546875,-0.21435546875,-1.0215911865234375
1573905103998.4006,41.00582758899871,28.678126316544297,27.65890121459961,10,19.020000457763672,0.122833251953125,-0.0861968994140625,-1.138427734375
1573905105998.3599,41.00585319571291,28.67767939346719,30.88778305053711,10,18.3799991607666,0.109588623046875,-0.1611480712890625,-1.0214080810546875
1573905107998.318,41.00589074663912,28.677245127063873,30.18313217163086,10,18.06999969482422,0.08551025390625,-0.1874237060546875,-0.9878997802734375
1573905109998.2778,41.00597335029487,28.676814632516983,31.00484848022461,10,18.260000228881836,0.0673370361328125,-0.19903564453125,-0.9753265380859375
1573905111998.2368,41.00597645159905,28.676395537358406,32.44057846069336,10,17.59000015258789,0.0817718505859375,-0.1572265625,-0.839019775390625
1573905113998.1963,41.005830187388696,28.676044754710677,35.47738265991211,10,16.299999237060547,0.08203125,-0.1195220947265625,-1.001678466796875
1573905115998.155,41.00587201308553,28.675700258490327,37.23098373413086,10,15.300000190734863,0.1035614013671875,-0.16351318359375,-1.0748291015625
1573905117998.114,41.00590235557501,28.675345368710044,38.61281967163086,10,14.630000114440918,0.1580810546875,-0.1490936279296875,-0.927642822265625
1573905119998.0725,41.00593621846382,28.67501738483894,40.25564193725586,10,14.079999923706055,0.10894775390625,-0.1813201904296875,-0.92279052734375
1573905121998.0303,41.00590495396499,28.67471295411575,42.54262924194336,10,13.25,-0.1227264404296875,-0.0704498291015625,-0.971527099609375
1573905123997.9897,41.00589933808987,28.674416905295733,43.09804916381836,10,12.600000381469727,-0.0697174072265625,-0.1140594482421875,-1.0861358642578125
1573905125997.948,41.00588739387785,28.674158072125792,43.66488265991211,10,11.670000076293945,0.073211669921875,-0.2253265380859375,-0.9812164306640625
1573905127997.9067,41.005893596486196,28.673928156521796,47.16799545288086,10,10.039999961853027,-0.0527801513671875,-0.091461181640625,-1.0356903076171875
1573905129997.8652,41.00586786404346,28.67374023425269,48.80764389038086,10,9.369999885559082,-0.009063720703125,-0.133056640625,-0.98431396484375
1573905131997.8242,41.00589791316633,28.6735412478714,51.01101303100586,10,8.319999694824219,-0.0023345947265625,-0.0899505615234375,-0.9504852294921875
1573905133997.7827,41.00591270722543,28.67335072721231,51.93520736694336,10,7.429999828338623,-0.03057861328125,-0.1315765380859375,-0.9935455322265625
1573905135997.7402,41.005918784105226,28.67325643080163,52.66024398803711,10,5.579999923706055,0.0166168212890625,-0.171478271484375,-0.9896087646484375
1573905137997.6992,41.00590000864212,28.673149645355224,53.12044906616211,10,4.630000114440918,-0.024658203125,-0.1407623291015625,-0.9222869873046875
1573905139997.658,41.005880059712574,28.673076052245378,53.56234359741211,10,3.5999999046325684,0.0918121337890625,-0.11798095703125,-1.0152130126953125
1573905141997.6165,41.00587586876099,28.67309181022334,53.64773178100586,10,1.1299999952316284,-0.1588592529296875,-0.13238525390625,-0.949554443359375
1573905143997.5737,41.00590172693227,28.67312743331182,53.43667221069336,10,0.4300000071525574,-0.067108154296875,-0.1678466796875,-0.9726104736328125
1573905145997.5332,41.00591094702576,28.673146627870082,53.59786605834961,10,0.6499999761581421,-0.07769775390625,-0.1652069091796875,-0.9697113037109375
1573905147997.4915,41.00590264894162,28.673113100257396,54.01125717163086,10,1.0099999904632568,-0.0606689453125,-0.206939697265625,-0.9982452392578125
1573905149997.4495,41.00592393897568,28.673081332844376,54.54989242553711,10,1.0800000429153442,-0.0667572021484375,-0.151031494140625,-1.0146484375
1573905151997.4075,41.005925280080184,28.673083344501137,54.71816635131836,10,0.1599999964237213,-0.04876708984375,-0.20135498046875,-0.9761199951171875
1573905153997.3665,41.005908977278516,28.673076387521505,55.40951156616211,10,0.3700000047683716,-0.085296630859375,-0.1272430419921875,-0.940155029296875
1573905155997.3252,41.00591048602109,28.67304679940331,55.93148422241211,10,0.1599999964237213,-0.077911376953125,-0.173492431640625,-0.985107421875
1573905157997.2825,41.005910108835444,28.67304101589012,55.62136459350586,10,0.5899999737739563,-0.1602935791015625,-0.26251220703125,-0.9964752197265625
1573905159997.242,41.00588173609321,28.67304294372785,55.67556381225586,10,1.399999976158142,-0.2331085205078125,-0.1820526123046875,-0.951629638671875
1573905161997.1987,41.005846783556976,28.672997262355565,56.09432601928711,10,2.2799999713897705,-0.1979522705078125,-0.1848602294921875,-1.00384521484375
1573905163997.1575,41.005845274814405,28.67294428872752,56.36239242553711,10,2.4800000190734863,-0.182464599609375,-0.1693115234375,-1.007354736328125
1573905165997.116,41.00586643911992,28.672716384780287,56.98733139038086,10,5.519999980926514,-0.1600799560546875,-0.221282958984375,-1.0019378662109375
1573905167997.0747,41.00587016906683,28.67256743836093,57.65279769897461,10,6.599999904632568,-0.1287689208984375,-0.248046875,-0.889923095703125
1573905169997.0327,41.00589489568119,28.672365015399336,57.72024154663086,10,7.289999961853027,-0.1353912353515625,-0.24664306640625,-0.8314056396484375
1573905171996.9917,41.00590671416466,28.67216879504609,58.89669418334961,10,7.579999923706055,-0.121124267578125,-0.1839752197265625,-1.041900634765625
1573905173996.9495,41.0059401160488,28.6719732452451,59.57137680053711,10,8.15999984741211,-0.1683349609375,-0.254486083984375,-0.92132568359375
1573905175996.9082,41.00594615101908,28.67175783033359,60.67892074584961,10,8.470000267028809,-0.1308441162109375,-0.2109527587890625,-1.0717315673828125
1573905177996.8667,41.00594971332793,28.671557335209727,62.50197982788086,10,8.59000015258789,-0.117156982421875,-0.1616363525390625,-0.9752349853515625
1573905179996.8252,41.00595679603611,28.671353906419753,64.66964340209961,10,8.960000038146973,-0.1544189453125,-0.173492431640625,-1.0079345703125
1573905181996.7827,41.005988228173,28.671146286678194,65.68844223022461,10,8.8100004196167,-0.12005615234375,-0.1543121337890625,-0.960845947265625
1573905183996.7407,41.005978882350966,28.670923579510927,66.80581283569336,10,9.15999984741211,-0.1585235595703125,-0.146484375,-0.964080810546875
1573905185996.6992,41.00597812797968,28.670712439370035,68.17745590209961,10,8.960000038146973,-0.152069091796875,-0.1709747314453125,-1.006805419921875
1573905187996.658,41.00599484987651,28.67054454984951,69.77187728881836,10,8.149999618530273,-0.13946533203125,-0.14056396484375,-0.973907470703125
1573905189996.6155,41.00600457288419,28.670283034470554,70.51424789428711,10,9.609999656677246,-0.1627960205078125,-0.2383575439453125,-0.9320220947265625
1573905191996.5745,41.005966644772336,28.670074408900614,71.25216293334961,10,9.5600004196167,-0.15875244140625,-0.1077728271484375,-1.0391387939453125
1573905193996.533,41.006003776603386,28.669776516061898,72.46767807006836,10,10.319999694824219,-0.1066131591796875,-0.13348388671875,-0.9383697509765625
1573905195996.4905,41.006012493782684,28.669509971541043,73.95455551147461,10,10.149999618530273,-0.119598388671875,-0.1639404296875,-1.0195159912109375
1573905197996.4495,41.00601945076232,28.66925968791234,76.21523666381836,10,10.4399995803833,-0.1555938720703125,-0.1590576171875,-0.9539642333984375
1573905199996.407,41.00603634029721,28.669015020158763,77.80099105834961,10,10.569999694824219,-0.1439056396484375,-0.1685791015625,-0.9817962646484375
1573905201996.3657,41.00603592120205,28.66880907679784,79.55050277709961,10,9.850000381469727,-0.1109771728515625,-0.2569732666015625,-0.9944305419921875
1573905203996.323,41.006053858474836,28.66855694915044,81.62051010131836,10,10.199999809265137,-0.1468353271484375,-0.1710662841796875,-1.072906494140625
1573905205996.282,41.006073178761646,28.668309850644942,84.18911361694336,10,10.079999923706055,-0.184539794921875,-0.2112884521484375,-1.0077667236328125
1573905207996.2407,41.00608084820305,28.66808010267901,84.59670639038086,10,9.4399995803833,-0.137115478515625,-0.203338623046875,-0.9904327392578125
1573905209996.1987,41.00610863421206,28.667875500422593,86.08340072631836,10,9.180000305175781,-0.1927490234375,-0.2302398681640625,-0.9760284423828125
1573905211996.1567,41.00614777769987,28.66766142661559,86.83895492553711,10,9.220000267028809,-0.1923980712890625,-0.212738037109375,-0.9717559814453125
1573905213996.116,41.0061946325386,28.667444000047322,88.26333236694336,10,9.270000457763672,-0.13201904296875,-0.2212982177734375,-0.8824310302734375
1573905215996.0742,41.00615310020839,28.667237050858017,88.41445541381836,10,8.489999771118164,-0.155487060546875,-0.264556884765625,-0.96728515625
1573905217996.0325,41.00618419706915,28.667040998142834,89.67800521850586,10,8.520000457763672,-0.22344970703125,-0.273468017578125,-0.9196929931640625
1573905219995.9907,41.0062110191593,28.66683304312515,90.78689193725586,10,9.0600004196167,-0.1991119384765625,-0.239410400390625,-0.976593017578125
1573905221995.9497,41.00625452123676,28.666603798073403,92.01705551147461,10,9.25,-0.20263671875,-0.2112274169921875,-0.938140869140625
1573905223995.907,41.00629521537666,28.66642082112717,93.27303695678711,10,8.59000015258789,-0.1491851806640625,-0.187652587890625,-0.98388671875
1573905225995.8655,41.00628783930187,28.66622158328878,93.95949935913086,10,8.3100004196167,-0.0676116943359375,-0.180419921875,-0.948760986328125
1573905227995.8242,41.00629035387282,28.66607942621099,95.80562973022461,10,7.239999771118164,-0.1779327392578125,-0.16741943359375,-0.987274169921875
1573905229995.7825,41.00631688259636,28.665930060696475,97.36788558959961,10,7.150000095367432,-0.169342041015625,-0.2615966796875,-0.8074798583984375
1573905231995.7405,41.00640283901338,28.665747754302494,98.60384750366211,10,6.929999828338623,-0.1730499267578125,-0.2158355712890625,-1.0153350830078125
1573905233995.6987,41.00640216846113,28.665665611651413,99.21078109741211,10,4.28000020980835,-0.0803375244140625,-0.1844329833984375,-0.865692138671875
1573905235995.6565,41.00642090201472,28.665589839246742,99.77096176147461,10,3.369999885559082,-0.0064697265625,-0.11712646484375,-0.9677886962890625
1573905237995.6155,41.006409586445436,28.665574919459097,100.88387680053711,10,3.059999942779541,-0.098724365234375,-0.188690185546875,-0.9770660400390625
1573905239995.573,41.00641562141572,28.665590006884806,101.35500717163086,10,0.6899999976158142,-0.4649810791015625,-0.1763153076171875,-0.8887939453125
1573905241995.5325,41.00640690423642,28.665603250291817,101.49618148803711,10,0.30000001192092896,-0.282501220703125,-0.098785400390625,-0.92279052734375
1573905243995.49,41.006395923943266,28.665601322454087,101.98080062866211,10,0,-0.0767974853515625,0.4471435546875,-1.2950286865234375
1573905245995.4487,41.006413232573315,28.66560090335893,102.47762680053711,5,0.6399999856948853,0.1019287109375,0.0717010498046875,-0.8116302490234375